iter	Passed	Remaining
0	227	113428
1	316	78686
2	418	69363
3	520	64531
4	624	61872
5	732	60300
6	834	58759
7	931	57307
8	1031	56255
9	1139	55828
10	1246	55425
11	1388	56450
12	1499	56180
13	1732	60136
14	1840	59513
15	1943	58789
16	2070	58828
17	2173	58200
18	2291	58022
19	2398	57562
20	2504	57130
21	2601	56521
22	2704	56095
23	2800	55536
24	2902	55141
25	3004	54783
26	3108	54452
27	3213	54172
28	3332	54117
29	3447	54008
30	3588	54287
31	3700	54119
32	3811	53938
33	3926	53812
34	4047	53770
35	4158	53602
36	4255	53250
37	4351	52899
38	4448	52584
39	4543	52254
40	4646	52022
41	4738	51669
42	4829	51324
43	4920	50992
44	5011	50672
45	5102	50358
46	5196	50088
47	5289	49811
48	5381	49533
49	5474	49271
50	5571	49053
51	5698	49093
52	5807	48978
53	5899	48726
54	5991	48475
55	6083	48235
56	6177	48013
57	6266	47752
58	6355	47504
59	6480	47521
60	6575	47323
61	6668	47108
62	6759	46887
63	6851	46674
64	6940	46447
65	7036	46268
66	7132	46096
67	7223	45890
68	7314	45689
69	7403	45481
70	7498	45306
71	7583	45080
72	7679	44920
73	7774	44755
74	7866	44574
75	7959	44407
76	8062	44290
77	8165	44176
78	8263	44035
79	8366	43922
80	8474	43836
81	8571	43691
82	8671	43568
83	8763	43399
84	8857	43246
85	8955	43112
86	9045	42942
87	9140	42791
88	9240	42673
89	9330	42506
90	9427	42372
91	9517	42209
92	9613	42071
93	9704	41914
94	9799	41776
95	9891	41625
96	9978	41457
97	10067	41298
98	10154	41131
99	10245	40983
100	10338	40842
101	10429	40696
102	10524	40564
103	10615	40421
104	10708	40282
105	10797	40132
106	10885	39981
107	10975	39835
108	11062	39682
109	11146	39517
110	11238	39385
111	11327	39242
112	11419	39110
113	11514	38989
114	11612	38878
115	11752	38904
116	11847	38783
117	11939	38652
118	12036	38536
119	12124	38394
120	12214	38260
121	12307	38133
122	12393	37986
123	12485	37859
124	12571	37713
125	12660	37578
126	12759	37474
127	12845	37331
128	12934	37197
129	13024	37069
130	13116	36947
131	13202	36807
132	13295	36686
133	13389	36570
134	13474	36430
135	13568	36314
136	13651	36170
137	13740	36044
138	13830	35919
139	13914	35778
140	14016	35687
141	14108	35569
142	14195	35439
143	14288	35324
144	14373	35190
145	14459	35058
146	14552	34945
147	14641	34822
148	14732	34705
149	14831	34607
150	14919	34483
151	15014	34374
152	15105	34258
153	15193	34137
154	15284	34020
155	15377	33909
156	15468	33794
157	15570	33703
158	15653	33570
159	15749	33468
160	15850	33374
161	15940	33259
162	16027	33137
163	16128	33043
164	16222	32936
165	16314	32825
166	16425	32751
167	16517	32641
168	16605	32523
169	16695	32408
170	16783	32290
171	16872	32176
172	16959	32056
173	17058	31959
174	17144	31839
175	17237	31733
176	17325	31616
177	17412	31499
178	17500	31384
179	17590	31271
180	17678	31157
181	17771	31050
182	17862	30942
183	17955	30837
184	18046	30727
185	18131	30609
186	18220	30498
187	18309	30386
188	18411	30295
189	18503	30190
190	18590	30075
191	18682	29970
192	18774	29864
193	18869	29762
194	18961	29657
195	19050	29547
196	19138	29436
197	19225	29323
198	19332	29241
199	19416	29124
200	19505	29015
201	19595	28908
202	19685	28800
203	19771	28688
204	19862	28582
205	19963	28491
206	20056	28389
207	20145	28281
208	20237	28177
209	20335	28082
210	20427	27978
211	20514	27869
212	20606	27765
213	20703	27668
214	20807	27582
215	20941	27534
216	21037	27436
217	21127	27330
218	21226	27235
219	21328	27145
220	21440	27067
221	21546	26981
222	21650	26893
223	21758	26809
224	21866	26726
225	21973	26640
226	22084	26559
227	22197	26480
228	22309	26400
229	22440	26343
230	22553	26264
231	22672	26190
232	22779	26103
233	22879	26008
234	22984	25919
235	23114	25856
236	23205	25751
237	23308	25658
238	23411	25566
239	23512	25471
240	23611	25374
241	23703	25271
242	23807	25179
243	23912	25088
244	24011	24991
245	24114	24899
246	24210	24798
247	24306	24698
248	24394	24590
249	24484	24484
250	24593	24397
251	24697	24305
252	24815	24227
253	24922	24137
254	25018	24037
255	25119	23942
256	25219	23845
257	25325	23754
258	25422	23655
259	25519	23556
260	25610	23452
261	25706	23351
262	25791	23242
263	25888	23142
264	25988	23046
265	26087	22949
266	26182	22848
267	26284	22753
268	26400	22671
269	26507	22580
270	26617	22492
271	26718	22396
272	26805	22289
273	26911	22197
274	27020	22107
275	27153	22037
276	27265	21949
277	27365	21852
278	27460	21751
279	27577	21667
280	27694	21584
281	27803	21493
282	27913	21403
283	28028	21317
284	28151	21237
285	28250	21138
286	28343	21035
287	28457	20947
288	28553	20847
289	28664	20756
290	28772	20664
291	28877	20570
292	28983	20476
293	29095	20386
294	29205	20295
295	29303	20195
296	29417	20107
297	29522	20012
298	29645	19928
299	29780	19853
300	29903	19769
301	30014	19678
302	30114	19579
303	30207	19476
304	30306	19376
305	30440	19298
306	30547	19204
307	30653	19108
308	30757	19011
309	30868	18919
310	31016	18849
311	31126	18755
312	31246	18668
313	31364	18578
314	31491	18494
315	31595	18397
316	31695	18297
317	31793	18196
318	31893	18096
319	32000	18000
320	32093	17896
321	32206	17803
322	32329	17716
323	32442	17623
324	32536	17519
325	32645	17424
326	32773	17338
327	32873	17238
328	32985	17144
329	33126	17065
330	33237	16969
331	33348	16875
332	33480	16790
333	33590	16694
334	33700	16598
335	33816	16505
336	33907	16400
337	34005	16298
338	34101	16195
339	34196	16092
340	34289	15988
341	34379	15882
342	34471	15778
343	34611	15695
344	34731	15603
345	34855	15513
346	34964	15416
347	35071	15318
348	35176	15219
349	35279	15119
350	35383	15020
351	35478	14917
352	35576	14815
353	35676	14713
354	35783	14615
355	35877	14512
356	35980	14412
357	36078	14310
358	36187	14212
359	36287	14111
360	36390	14011
361	36486	13909
362	36582	13806
363	36675	13702
364	36771	13600
365	36861	13495
366	36956	13392
367	37052	13290
368	37146	13187
369	37281	13098
370	37370	12994
371	37465	12891
372	37571	12792
373	37664	12689
374	37761	12587
375	37853	12483
376	37950	12381
377	38046	12279
378	38140	12176
379	38232	12073
380	38328	11971
381	38436	11873
382	38535	11771
383	38630	11669
384	38725	11567
385	38823	11466
386	38922	11364
387	39017	11262
388	39116	11161
389	39213	11060
390	39313	10959
391	39412	10858
392	39511	10757
393	39617	10658
394	39712	10556
395	39803	10453
396	39903	10352
397	39996	10250
398	40092	10148
399	40186	10046
400	40280	9944
401	40369	9841
402	40463	9739
403	40566	9639
404	40654	9536
405	40751	9435
406	40846	9333
407	40949	9233
408	41045	9132
409	41141	9031
410	41241	8930
411	41332	8828
412	41423	8725
413	41528	8626
414	41656	8532
415	41779	8436
416	41879	8335
417	41976	8234
418	42066	8132
419	42158	8030
420	42267	7931
421	42370	7831
422	42468	7730
423	42566	7629
424	42669	7529
425	42780	7431
426	42878	7330
427	42972	7229
428	43070	7128
429	43178	7029
430	43267	6926
431	43362	6825
432	43462	6725
433	43565	6625
434	43677	6526
435	43787	6427
436	43885	6326
437	43982	6225
438	44113	6129
439	44229	6031
440	44335	5931
441	44458	5833
442	44566	5734
443	44680	5635
444	44782	5534
445	44888	5434
446	45019	5337
447	45158	5241
448	45258	5140
449	45361	5040
450	45459	4939
451	45570	4839
452	45694	4740
453	45798	4640
454	45907	4540
455	46020	4440
456	46122	4339
457	46225	4239
458	46325	4138
459	46451	4039
460	46539	3937
461	46663	3838
462	46758	3736
463	46891	3638
464	47007	3538
465	47115	3437
466	47223	3336
467	47329	3236
468	47434	3135
469	47552	3035
470	47688	2936
471	47794	2835
472	47924	2735
473	48035	2634
474	48163	2534
475	48280	2434
476	48383	2332
477	48488	2231
478	48596	2130
479	48691	2028
480	48793	1927
481	48899	1826
482	49029	1725
483	49122	1623
484	49257	1523
485	49364	1422
486	49473	1320
487	49624	1220
488	49722	1118
489	49824	1016
490	49937	915
491	50045	813
492	50172	712
493	50319	611
494	50425	509
495	50546	407
496	50671	305
497	50773	203
498	50878	101
499	50985	0
